{"step": 550, "loss": 1.7330825645273382, "timestamp": "2026-01-02T05:04:12.680110+00:00", "metrics": {"train_runtime": 254.2241, "train_samples_per_second": 2.163, "train_steps_per_second": 2.163, "total_flos": 17963827200000.0, "train_loss": 1.7330825645273382, "epoch": 1.0}}
